record_id,source,brand,rating,delay_type,delay_type_evidence,full_text
40bdbffb6692611eaf14,google_play,Amazon,1.0,cancelled,cancel,"Amazon doing what Amazon does best. Some brainlet in corporate decided that instead of being able to search for an item, you'll be forced to having to deal with some stupid af ""alexa for shopping"" ai before youre even allowed to see the listings. Needless to say, Amazon has figured out how to put themselves on the chopping block of memberships I plan to cancel"
b8fb5bae43bb075e62ad,google_play,DoorDash,2.0,long_wait,"2hr and 37mins but yet driver wasnt ""30mins late","Door Dash is hazardous! We can talk about how much they DONT pay their drivers . BUT WHAT ABOUT CUSTOMER SERVICE? ? Feeling as if my food isn't safe after a driver had my items longer than 2hr and 37mins but yet driver wasnt ""30mins late"" Let's not talk about how the picture upon pick up: ""the bag is sealed"" but upon arrival the bag is open?? Door Dash is literally a mobile piece of dog poop and only Door Dash can make a difference. Giving credits or a refund will NOT FIX THE INCOMPETENCE"
02de34f6bb8824ca758a,google_play,Just Eat,1.0,missing_items,wrong item,"It was a 5 star review since 2022. But the customer service at Just Eat is absolutely atrocious. The first time I have interacted with them I years. I was delivered the totally wrong items, took pictures of this, submitted a ticket, and a customer service agent stated multiple times that there was nothing they could do, and a refund will not be given. I've seen multiple people experience the same thing after researching online. Absolutely insane"
1fe0bc3b697446fa766e,google_play,DoorDash,1.0,unspecified_delay,,I don't normally use Door Dash because of extra fees. I was stuck at work and couldn't leave for lunch. I order food. The driver made another stop after picking up my order. My food was cold and my shake was half melted when I got it. I won't be using them again
a69645e7dcdaf10de8de,google_play,foodpanda,2.0,unspecified_delay,,"didn't know that food panda is not really that secured when it comes to food orders. I've recently experience my order, it states in the app that it's already been delivered but i didn't receive anything. also when they refund it goes directly on panda pay which is a hassle because i can't transfer it to my other e-wallet. i hope they improve these problems for future customers"
c1a367b9c328204d4fcf,google_play,Amazon,1.0,cancelled,cancel,worked fine till a recent update. now i can't search for a product category anymore. it forces me into an AI overview of some kind. im not interested in an AI doing my shopping for me. Just bring up the search results list. or dont I guess. I spent too much money on amazon anyway. I hear good things about Walmart plus. might just cancel prime and make the switch
c0136627af08286bc6a6,google_play,Amazon,1.0,stuck_in_transit,no update,"Search results often return completely irrelevant products. Have to sort through a mountain of low quality products. Product descriptions straight-up lying about specs. Scam knock-offs. Difficult to determine who you are buying from. Not readily apparent where something is shipping from. Rough handling of packages. Orders randomly getting canceled after days of waiting with no updates. Reviews can't have info about Sellers, Delivery, Packaging, Pricing, Availability. I suggest the 'Shop' app"
c82b5ead21aa73021604,google_play,DoorDash,1.0,cancelled,cancel,awful.... tried to change my order once it was made... won't allow you to change address or order after you've already ordered and couldn't cancel my order.... going to be using Uber from now on until I see changes I pay my money for it should be able to navigate this app the way I want not the way you want to keep my money
f6761911c9d3cb947916,google_play,Uber Eats,1.0,never_arrived,not deliver,"The AI customer service is bad and if drivers make multiple mistakes or just cheat the AI by not delivering food, the system will blame the customer as AI has no logic or reasoning skills"
5d9ea09e9aa94594e739,google_play,AliExpress,1.0,unspecified_delay,,terrible store. Item sent was not as described. Aliexpress refuse to give me a refund in any way. This is a scam site and I do not recommend using this site or buy anything from them
c1b65afceba6a2d489d0,google_play,eBay,1.0,outage,app down,"Update for 2026. ""Ready to resell"" prompts are driving me insane. eBay Live takes up too much space and slows the app down. I hate it, probably going to delete my account or at least delete the app"
96e44d9bbf9bd3fe625a,google_play,AliExpress,1.0,never_arrived,not deliver,one item is not delivered and the delivered item is also broken
9bfc7026bdb0f51a0d40,google_play,foodpanda,1.0,cancelled,cancel,2 hours waiting for food without compensation?? poor customer support that doesnt even bother to apologize but just shut down chat and cancel order AFTER we wrote in. horrible customer service. terrible app too cuz why cant we cancel order after ONE HOUR of waiting????
d54ff0d9955982d346ab,google_play,Amazon,1.0,late_delivery,delaying,lately Amazon has been delaying packages and lying about the delivery dates.. Just to get a sale
058bca764b93d3345723,google_play,AliExpress,1.0,unspecified_delay,,pay your refunds
f8006d4db912920e7298,google_play,Amazon,1.0,cancelled,cancelled,"My orders keep getting cancelled, proved my identity and the few things that actually went through also got cancelled. all while trying out Amazon prime"
ec3e79f94666cc2e21b6,google_play,Uber Eats,1.0,cancelled,cancelling,Delivery drivers keep cancelling the order pick up because of the distance
21f7df807af088471210,google_play,DoorDash,1.0,cancelled,cancel,Drivers are always running late. Never read instructions but expect to be tipped. Waited over an hour and a half for food. I reached out to support and all they said was they could cancel the order but I would still be charged. ridiculous
f6801a737e70cad45d31,hackernews,Amazon,,late_delivery,delay,"I feel at least in major urban areas Amazon’s delivery network is efficient enough that they have to artificially delay non-Prime orders. I order from Amazon only occasionally, and while sometimes there’s actual step-by-step tracking I’ll usually see no movement at all for 3+ days, and suddenly the item has dispatched from the warehouse and it is reaching my house in an hour"
21dfd1c84c8e65bc24a5,google_play,DoorDash,1.0,cancelled,canceled,"Service kept getting worse so I canceled but they wouldn't stop charging my credit card until I finally had to charge the number. No customer service, horrible company"
cb10062632c62a320221,google_play,Airtel,1.0,outage,not working,worst experience in using wifi services as no one solve your not working problem. I imitate the yesterday morning still no one comes to solve it also I had gone to there sevice centre still didn't get solution
6e14dfbcaa80e0a60b0e,google_play,Airtel,1.0,unspecified_delay,,"very poor service by team airtel.. reason. I paid for a new Airtel Wi-Fi connection on 22 July 26 The connection was not installed by 24 July, and the agent stopped answering my calls. From 28 July to 18 August, I repeatedly followed up for the refund. later found that the amount had already been refunded on 13 August, without any intimation. I am disappointed with the entire Airtel team. I have also raised this issue via email and Twitter/X. That’s why I rated the service “Very Poor.”"
20b3c88cb0e4380aca4e,google_play,Just Eat,1.0,unspecified_delay,,"ordered, but no respnse, it is already an hour and no show, avoid this scam"
257951ba78ab90baf069,google_play,DoorDash,1.0,cancelled,cancel,You pay for a service that if they get wrong the refund is never worth the service you paid for. The sale is an obligation to complete the transaction as a whole. any one else reading this when they mess up your order your can have your bank cancel the payment for Incompletion of the agreed sale
b3fc33a352098fbded57,google_play,Airtel,1.0,long_wait,waiting for 90,"airtel is most useless in odisha, switching from jio was my worst decision now i am waiting for 90 days. i Even tried to complaint but the process is absolute gargabe"
e2797cf288be6fc02e87,google_play,DoorDash,1.0,never_arrived,not receiv,I told them people are going to start useing them for no refunding money on orders not received or cancelled by them
84856a5d94c76f63049d,google_play,Instacart,1.0,cancelled,cancelling,"Kind of sad compared to the door dash app. Firstly it's much slower even when paying extra. Second some of the drivers are extremely rude. Third, having to pay a fee for cancelling when I only saw something missing after they were shopped for. Fourth no button to refund everything is something is missing. Overall going to stop using this, honestly trash compared to the door dash app"
95670e47f228f2ffff64,news,,,outage,outage,Safaricom confirms M-PESA outage after users report hour-long service disruption - People Daily. Safaricom confirms M-PESA outage after users report hour-long service disruption People Daily
cecacbba98c8dee674ba,google_play,Amazon IN,1.0,cancelled,cancel,"very bad app because,app cancel all products"
ab24adf2224277924658,google_play,Lyft,5.0,unspecified_delay,,"No matter if you have lyft cash, if you do not have money on your card it will not request the ride. I just spent my last $50 putting it into lyft for them to not allow me to request a ride. I am now stuck in the Dallas airport. With no money due to my dumb investment of putting it into lyft! *update* Issues with connection to my cards have vanished. Finally able to use the app without worrying about being stranded"
c6e7ada34a16c1b7add9,google_play,Ola,1.0,never_arrived,did not come,"Very disappointing experience with the Ola auto service. My ride was confirmed with the driver and his vehicle, but the driver did not respond to my calls and did not come to the pickup location. I waited for around 15 minutes, and instead of responding, he simply cancelled the ride. If the driver was unable to take the ride, he should have informed me earlier rather than keeping me waiting. This caused unnecessary delay and inconvenience. Ola should take appropriate action against drivers who a"
2ce57ae1763d541f0a44,google_play,AliExpress,5.0,,,"I have been using this app since high-school I'm 26 now still no complaints. one More Thing Is Please stop Letting Companies Copy Other People Photos it's Harder To Order Because Everyone Have The Same Photo. but Otherwise This Company Is Still Awesome , Vendors have Great Communication ,"
7716f388b500774d0e31,google_play,Amazon IN,1.0,never_arrived,not deliver,"Orders are always delayed now. customer service is extremely bad. Associates are unprofessional and impolite, give false assurances and make promises just to pacify and get rid of the consumer and promises that they do not deliver. Customer Service Team handling social media is equally useless"
c6af84a7c89d16ce28f1,google_play,Ola,1.0,cancelled,cancelling,"Drivers don't arrive, transfer rides without cancelling from their side even though THEY are not coming. This happens frequently. Twice driver arrived AFTER clearly cancelling ride and demanded cash VERY RUDELY on phone"
8129c97460c96e034116,google_play,Zepto,1.0,late_delivery,slow,payment slow 😞
27a0688604a0ad11a4f6,google_play,Amazon IN,1.0,late_delivery,delays,"Hello Amazon Team, I would like to raise a complaint regarding the delivery agent. My orders are not being delivered within the promised time, and the delivery agent is repeatedly failing to deliver them on time. This is causing me a lot of inconvenience. Please look into this matter and take appropriate action against the concerned delivery agent. I request you to ensure that my order is delivered as soon as possible and that such delays do not happen again in the future. Thank you"
c492d18e896b29ea401e,google_play,Amazon IN,2.0,unspecified_delay,,"I ordered a motivational water bottle ( combo which contains 3 water bottles of 300ml, 1 litre and 2 litre )of worth 250 rupees. The water bottle i received is completely normal at first sight after filling water it's is leaking and the straw is also not good i can't drink water properly Iam really afraid to return this product because I'm not sure if they refund my money. The 1 litre water bottle is actually 750ml i measured it🙂. Iam very disappointed don't know what to do😒"
22e9b0fc616ee399c981,google_play,DoorDash,1.0,unspecified_delay,,"Ordered from here, and I couldnt find my order. Now they wont even refund me on it"
440de0fef731e54d51bf,google_play,Amazon IN,2.0,late_delivery,slow,"the app has become noticibly slow to load and use, old versions were much better"
ffb0c425e0102b1a726c,google_play,Zepto,1.0,unspecified_delay,,"Extremely disappointing experience. Received a torn 25g elaichi packet with only 4 pieces inside. I shared photos/videos with Zepto, but support claimed it was delivered intact and refused a refund. Why would anyone lie for ₹109? Lost my trust in Zepto. Won’t order again"
28fdec43c7dac9b7cf90,google_play,AliExpress,1.0,cancelled,canceled,Ordered a dog crate on August 23rd. The item was canceled without warning. Customer service stated it was canceled because the seller failed to ship it on time. Terrible communication and a complete waste of time
402ca4c1b32370d79152,google_play,Amazon IN,1.0,never_arrived,not deliver,item not delivered
e80809c793fb7cfc9ec3,google_play,Domino's,1.0,late_delivery,late,To late dilver
6fb9295b6e3a7a37e06f,google_play,Instamart,1.0,late_delivery,delays,"Used to have this app. it was good till 2022. Recently, there were too many delivery frauds and delays. Customer support's rubbish, even if it's human. All they want is to give you halfpriced coupons for their frauds+ their delivery drivers never seem to find your location even if its at the heart of the city. Their X support is useless, too. All they know is to ask for individual order ID instead of fixing based on overall experience. edit 2: I opted for ""delete my account"" so there's no id rn"
efbfad21d0308ae9b213,google_play,Instamart,4.0,late_delivery,late,sometimes the item comes late but it is the best service they are trying their best
db3791cc96ce25ccfc28,google_play,DoorDash,1.0,unspecified_delay,,I updated this review from a 5* to a 2* star because DoorDash refuse one missing thing. I told support if I don't get compensated I will leave a bad review. Doordash did this before and I'm sick of it. Don't use Doordash
73c2c6639544a5fcf6a1,google_play,DoorDash,1.0,unspecified_delay,,"Lately I am always having an issue with delivery. The time estimations are never correct, and will always be pushed back without any reason. Dashers struggle with my building despite instructions to clear any confusion, and even then refuse to follow the basic directions of where to deliver. Many times I have seen drivers just sitting in one place and I have to wait for them to drop my order before getting a new dasher. Each order has been incredibly frustrating with no actual help from support"
4bbfc1b6f2c68be90090,google_play,Uber Eats,2.0,refund_delay,no refund,Never ever Ever pay for priority delivery! There is no guarantee that your food will arrive within the promised time window. There is also no refund when you pay extra for a service and literally don't receive said service. The AI Chat Bot they use for customer service will simply lie and say that your delivery arrived within the maximum time limit( which it objectively did not in my case) and deny your refund request
6f8f1441014549f34ac0,google_play,Domino's,1.0,unspecified_delay,,"I received a call from Domino's customer care after I wrote a review on my worse experience and I was told I won't be refunded instead I will be given points in my Domino's wallet to use in future orders. Honestly, does anyone of you or even the domino's staff order from the same restaurant after a worse experience like throwing up twice eating the ordered food?. How can you even call and ask me to use the points added to my wallet?"
3c90ad8f60f71f74568d,google_play,Zepto,1.0,never_arrived,not deliver,My order was not delivered Neither I got any refund for undelivered items. There is no proper way to communicate them neither delivery agent number is rechable. Very worst experience for this website
3f4e484f761c08c4aca0,google_play,Zepto,2.0,unspecified_delay,,"Very disappointing experience with Zepto lately. In my recent orders, I have repeatedly received stale or expired products. I have also received damaged/leaking buttermilk packets, and on some occasions, items were missing from the delivery. What is even more disappointing is that when I raise a genuine complaint, instead of properly addressing the quality issue, my reliability is questioned.Zepto needs to seriously improve its quality-control and packing checks"
02a5ccd9ba70818d9ce8,google_play,Amazon IN,1.0,late_delivery,Delayed,Delayed delivery
f861fba7a24937f75700,google_play,bigbasket,1.0,cancelled,cancelled,"Their service has become terrible. The first time, they delivered the product in filthy, torn packaging and the second time they cancelled my order because I missed the delivery person's call; although I immediately called back twice, the call disconnected after just one ring. They don't provide call to the delivery person why and their customer care number doesn't work either. I emailed their representatives but received no response.local shopkeepers provide better service than them,"
6428a3dd9d8226b95124,google_play,Xfinity,1.0,unspecified_delay,,"This app is still trash, and apparently will always be trash. Every single time they force an update I have to go into the app settings and clear cache and data or reinstall or I infinitely get stuck on ""Looks like you need to update"" screen. This is completely unacceptable to not care enough to make the app usable. If I could rate negative stars, I would"
3e638c98c153ee5ed68c,google_play,Instacart,1.0,never_arrived,not receiv,did not receive all of my order!
0e11f6d7557e05159bbd,google_play,DoorDash,1.0,cancelled,Canceled,"Canceled membership because this is ridiculous, paid over 20 for meal with tip, got order (4 items) all were wrong, missing, or bad quality of items and was told by customer service that I was ineligible for a refund. Order: Quarter Pounder w/cheese only ketchup 4 Strips 2 sauces Ranch and BBQ Double Cheese plain medium fry Received: Quarter Pounder plain and no cheese Bacon Double with everything 4 Strips No Sauce Medium fry old/cold No wasting money monthly for that kind of service!"
e9dd5b2de8dd55a7d44d,google_play,Amazon IN,1.0,cancelled,cancelled,"bad experience.Delivery releated issue.Delivery agent not able to deliver package on given time.Then falsely Update ,that he tried to attempt delivery,Second time i have cancelled order,because of that.very unprofessional approach.I request take some serious action against delivery agent,for conveying incorrect information"
0817d3ec04b734c8581c,hackernews,UPS,,unspecified_delay,,"IMO, one way to retain the power user crowd is to do the hard parts that they might have skipped themselves. For a couple examples: - after selecting your observability apps, every _other_ app could automatically configure centralized logging, its own dashboard of metrics, etc - the host OS could ask the user simply for the backup destination (S3 url creds, attached local disk, SMB share, etc) and every app is again automatically configured with backups - the host could have a control panel to roll back apps between versions (maybe it's FS snapshots or something) - everyone can use containers, but if the project went through the extra effort to make each app its own VM instead, that could be worth something - if there was a companion Android/iOS app for management and (importantly) alerting? --- That doesn't really solve the monetization issue you described, but I do think you can still get powerusers on board if you handle even harder problems than they'd want to take on themselves. Or...harder problems than they'd risk taking on themselves if their family uses what's being hosted, for example. Less tolerance for downtime Edit: formatting"
afa4d7cef7c00a623107,google_play,Zepto,1.0,unspecified_delay,,"Today I ordered a few products with Tata Sampann Masoor dal. they Delivered satyam Masoor dal which I didn't order. The refund happened after I complained on Zepto but the Refund came as Zepto which is illegal because cash now is not used to me until I again order through Zepto. I am now going to complain in the consumer court and to FSSAI. they are also having bots to irritate us, no proper consumer support"
f982057c47d7f168f6f3,google_play,Uber Eats,2.0,unspecified_delay,,okay in a pinch but missing a lot of locations. even for restraunts they have ghe further away option but not the closer option. support told me it was because the location down the road didnt have my coffee so I didnt order and my partner picked it up from the location that quote end quote didnt have it. so idk but im not paying for farther away when the one down the street has what I want
c084b42b43c08a9fef64,google_play,DoorDash,2.0,unspecified_delay,,doordasher completely stole my order. they're picked up photo they have their finger covering up the entire photo. the delivery photo is just the side of their car looking at my neighbor's house and their driveway. my neighbors weren't even home I walk over there the doordash is already gone and what I ordered isn't there either. so I go through is there a whole apt to try and get it refunded even calling customer service the order was over $20 they refunded $1.96 and hung up
33506aedd1343f34cbb0,google_play,Amazon,1.0,unspecified_delay,,kept taking my money four month after cancelation. greedy leeches
6efe2501d4515e214981,google_play,Lyft,1.0,cancelled,canceled,literally had a scheduled pick up the driver passed me canceled the ride now im late for work at the bus stop you get what you paid for go Uber don't stress your self out with these bad service no personality having drivers as of September 6 2026 im never using Lyft again delete
58eec46f16baec737aab,google_play,Jio,1.0,outage,not working,app is showing glitch everytime how I will pay for my fibre connection it's not working showing glitch everytime after uninstalling app several times
3415afac1b928e26bdae,google_play,Amazon,2.0,late_delivery,late,"1. I got banned from leaving reviews permanently with no explanation, and no discernible reason. I didn't break any of the rules. 2. Amazon keeps losing my packages or delivering them late. They seem to get lost when Amazon hands them over to another carrier and suddenly *poof* the tracking disappears. Absolutely frustrating/exhausting as someone who uses 2 day delivery and finds it *extremely* unreliable"
211abe764831f88cb817,google_play,Swiggy,1.0,long_wait,14 minutes” for almost half an hour now. We have tried conta,"Very disappointing experience with Swiggy. We placed an order and have been waiting for more than an hour. The delivery partner is not responding to calls, and the app has been showing “14 minutes” for almost half an hour now. We have tried contacting the delivery partner multiple times, but there has been no proper response or update. If there is a delay, customers should at least be informed properly instead of being left waiting with no communication"
1ae2a2553783080e3250,google_play,Amazon,1.0,late_delivery,delayed,Nothing ever arrives on time. Constantly pay extra for fast shipping only for it to be delayed. Customer support is a joke. This app is basically a scam
b0de8fede4bd2caf8a40,google_play,Instacart,2.0,unspecified_delay,,"A little expensive, but makes sense to pay for convenience. Main complaint is that i cannot remove ""Leave at my door if I am not around"" - I live downtown and it will be stolen immediately. Another complaint is that things are out of stock all the time, and you dont find out until the shopper cant find it. Then, if you arent watching your phone to refuse, they will often choose random replacements that you are then stuck with"
ea38158a07719265777a,google_play,Swiggy,1.0,unspecified_delay,,"I ordered food over an hour ago, and I'm only receiving AI chat responses. I haven't been connected to a human agent at all till I had to wait extra 30 mins. This has been a terrible customer service experience.deleted the app can't trust Swiggy anymore"
65ab95e6633ce9b95435,google_play,Amazon IN,1.0,never_arrived,not deliver,i order a toy and paid for it too but was not delivered and it happened to me 2-3 times
77e2290628022868eb73,google_play,Uber,1.0,unspecified_delay,,Horrible company..I wasnt aware that I have been getting charged monthly for a Uber One service and I haven't used Uber in almost a year. I cannot reach a human at all as theres layers of Ai bots even pretending to be human (Ashad). So I cant be refunded money that they've been stealing from me. I'll be lawyering up from here on
57edf9e9063de8ed4fc9,google_play,Airtel,1.0,late_delivery,slow,Worst UI slow af it doesn't show you what you want to see only the expensive ones I wish I could give it 0 stars
203717f514e1cbb9b4f4,google_play,Swiggy,1.0,late_delivery,late,worst app. they will do late in delivering if we give complaint their response will not be n good
67ec60bf4cdf56b58eb8,google_play,Myntra,1.0,never_arrived,not deliver,worst delivery application experience nowadays in myntra my product was not deliver after confirmation of 10 to 12 days they are not responding also worst experience
561ff0870bf282b85100,google_play,bigbasket,1.0,unspecified_delay,,"Absolute worst customer service, they do not reply in emails. Keep on transferring the support to call back team unable to connect.. Payment fails from their side(money will deduct but the payment failed according to them). My issue was regarding that only they specifically verified saying yes payment failed and amount will be refunded while after few days they state the payment was success, but now i have already paid twice. Edit: i have already mailed and wanted to sort this in email(not call)"
0d89bda12ed493453710,google_play,Meesho,1.0,cancelled,cancelled,"Extremely disappointed with Meesho’s return service. My order was delivered on 20 August and the return was raised the same day. Pickup was promised by 23 August, but nobody came. The request was cancelled and re-raised multiple times, with repeated false assurances. It was cancelled again on 1 September. Today is 11 September and pickup is STILL pending.I have also emailed Meesho, but there is still no resolution. Very poor customer service and an extremely frustrating experience. worst bot ans"
1f3c9226baa160fb4c93,google_play,Rapido,2.0,unspecified_delay,,"I would like to share feedback about my recent Rapido experience. Short-distance rides of around 3–4 km, usually ₹30–₹50, are often difficult to get confirmed. Even after booking 3–4 times, drivers may not accept the ride, resulting in long waiting times. The issue is more noticeable when travelling to outer areas or markets. I understand drivers have practical considerations, but better availability and incentives for short trips could improve the experience. I hope Rapido looks into this"
da819beb20172a124eb3,google_play,Meesho,1.0,cancelled,cancellation,"very bad app I prefer you to don't download and order on this app I ordered 5 or 6 kurtis and mujhe 2 or 3 kurtis pasand aai to maine baki ki kurtis return krdi is karan mera account block kr diya. to maine customer care pr contact Kiya to vo keh rhe h ki high return, cancellation and exchange ke karan apka account block kr diya aur ab vo kabhi khulega hi nhi . MERI RECOMMENDATION YE RAHEGI KI BOHOT BEKAAR APP H !"
722635b66538d31883f9,google_play,Amazon IN,1.0,cancelled,cancellation,"services are getting worst, some oder taking weeks instead of delivery date. very bad service. after cancellation refund is taking long time"
88a7ba904403e1f28611,google_play,Zomato,1.0,never_arrived,not deliver,"when delivery partners create problems like not delivering at doorstep or not delivering clean packages, zomato refuses to refund the amount. due to this I order from zomato only when it is unavoidable. otherwise I avoid zomato. also, item prices are pretty high on zomato. inspite of that, their service is not very good"
cb0579ed17eb3a04a94c,google_play,Meesho,1.0,cancelled,cancel,Na Product delivery time Par na costumer satisfaction customer care se or chet Krna costumer se product ko COD mai batana or badh mai order placed COD product ko cancel karna bina costumer ko inform kiye or costumer care par call karo to ye bola jaata hai sh par to COD tha ho nahi why aisa kyu jab COD tha hi nahi product par to order place se phele kyu. nahi update Kiya app mai so please request to all of you Mason per se order na kijiye
28ef1d46e58539207e0b,google_play,bigbasket,1.0,unspecified_delay,,I have recently purchased one product while i was on travel and it was a defective product which is manufactured 2 years back and was open as well. The delivery was not having any proper validation such as OTP where customer accepts the product. The delivery person just kept the product and left without bothering. And i am stuck in your helpline calls while my money is stuck with you. I was now at 9.30 pm informed that the product will be collected and get refunded. Please make sure you close
a792297d939ff3fddfb9,google_play,Swiggy,1.0,unspecified_delay,,"Its okay for Grocery but for food, i have been scammed twice, quality of food is worst and sometimes item is missing"
0d2e302cbd307818fb84,google_play,DoorDash,1.0,unspecified_delay,,Dasher delivers to wrong house. After 1 hour with support and Dasher ghosting me they could not replace order or issue refund. NEVER using again. Supervisor said they are not liable to help and are not responsible for damages. Now I have to go through the trouble of disputing the charge through my bank. Screw this ap
c0fa9532dbfb7c239352,google_play,Rapido,1.0,late_delivery,late,very very late pickup
e765804fb08eb43e88a4,google_play,SHEIN,2.0,late_delivery,late,I wanted to wear the clothes to my grandma's funeral but the came late after burial 😪😪😪
81085b54e9e95b7dacd8,google_play,SHEIN,4.0,late_delivery,late,last time shipping was late let's see how this works now
8460d042fa2fb4c5484d,google_play,Swiggy,1.0,late_delivery,late,worst app late delivery even doesn't delivery
6bed993aeaf9f09ca160,google_play,Rapido,4.0,late_delivery,late,"everything is ok but sometime you getting late to pick up my trip and many times you charge more money from me ,, so please improve this things thank you ❤️"
d42357b6cc1bed7b24bb,google_play,Rapido,5.0,cancelled,cancelled,all most never the rides got cancelled so far
f4c1fed5adee1c7f558e,news,,,cancelled,canceled,"Over 1,238 flights delayed, 53 canceled amid widespread U.S. travel disruptions - PennLive.com. Over 1,238 flights delayed, 53 canceled amid widespread U.S. travel disruptions PennLive.com"
e2d835c9f5da3cf51483,google_play,Meesho,1.0,unspecified_delay,,very good👍 but I have been missing you
dc926dd6f774bc91fef6,google_play,Blinkit,1.0,late_delivery,late,late ata ha order or rider nahi late ha bahi nahi karana order bahi koi bhi mat karna instil mat karna
26cc314cde0c2716b971,google_play,Temu,5.0,unspecified_delay,,best app I have ever seen I give it five star because. they do refund once you can't get you orders. I love this app
851f5fc5912f34193241,google_play,Flipkart,1.0,outage,not working,"why is this app not working or opening on my phone all of sudden, it's working on everyone else and no its not network issue .i have even uninstalled and re installed. i tried my number on another phone and it works but it's not opening on my phone neither in chrome saying something went wrong fix it"
1cbda7e2e69c21694554,google_play,Rapido,1.0,cancelled,cancel,rapido price Note ka came in time if I wait for coming rapido then rapido cancel the ride in my opinion this app is very bad for a middle class family and his two expensive for a local tempo or auto
d97170119d915dc43221,google_play,Meesho,5.0,cancelled,cancelled,order automatically cancelled
8c3184543bb813300de0,google_play,Myntra,1.0,long_wait,48 hours wait kijiye.🤡 48 hours late,"Myntra ka exchange process is basically a Netflix series with no ending 😂 I got a product with a missing seal tag now I can't exchange that product 🤷 Customer care par itne transfers aur waiting kar chuki hoon ki product se zyada Myntra ke IVR ko jaanti hoon. Size 8 chahiye tha → Myntra: “Sure, size 4!” Phir: Oops, size 7! Me: SIZE 8 PLEASE! 😭 Myntra: Technical issue hai, 48 hours wait kijiye.🤡 48 hours later: Same story, new episode. Myntra bas ab refund kardo"
c7bc929d15b132cfa29b,google_play,Uber Eats,1.0,missing_items,missing item,"Extremely disappointing and frustrating experience. I ordered 6 items and only 2 arrived. The bag was labelled “2 of 2”, yet only one bag was delivered. Customer Support refused to send the missing items and told me to reorder and pay another delivery fee. I spent a huge amount of time repeatedly explaining the same issue, with no real solution. I’m trying Uber One, and this experience makes me question why I would pay for it. I expect Uber to properly address this. WORST CUSTOMER SERVICE EVER!"
12c63798cfb247f55254,google_play,Ola,1.0,cancelled,cancelled,very bad experience with Ola now many times I cancelled the ride due to delay. can't trust this app also I don't recommend to anyone to use this app. use local Auto to reach your destination. Now also ola added a new trick of pre ride tip which is a misleading impression that extra money is required to secure a cab or get faster confirmation. which is unfair
3d8f453f611b41eb369b,google_play,Uber,1.0,support_delay,No reply,"I could've given 0 if i could. first of all zero customer service.I was ignored,No reply. what happened was i requested ride at 6:20 in morning. The driver took a detour as there was a blockage. he asked if I'm late, I said it's alright, i need to reach there at 7 anyways. then somehow he ended up on same blockage AGAIN. Then he took detour again! Naturally what was 5 min ride turned into 30 min ride. I reached there at 6:55. My fare went from 13 to 25! like i did not ask for those detours"
9c4e7f11d16d67e2f895,google_play,Swiggy,1.0,unspecified_delay,,"I ordered food at 11:38 pm, it's been over an hour and I still haven't received the food. I called the delivery boy and he didn't say anything. It's very strange to be scammed like this.Actually, I made the payment in advance, so they have no problem with it.It says 11:50 and the food will arrive in 10 minutes, but 1 hour has passed, it's a shame to see them scamming like this"
7eccc8ab602e37c4cb17,google_play,Flipkart,1.0,late_delivery,delays,one of the best delivery delays dates changing worest orders and products
be53ec6223453e9f1609,google_play,DoorDash,1.0,cancelled,cancel,i give a good tip and i still cant get a dasher after an hour. dont even get my full moneys worth back if i cancel the order
1c29f1f73359285dd930,google_play,Flipkart,1.0,refund_delay,no refund,it's a. scam bro no refund you get refund has expired date in flipkart
fe9aaff372383a467a4f,google_play,SHEIN,3.0,never_arrived,did not arrive,did not arrive on time
ac120fd0706a11f2b383,google_play,Just Eat,1.0,missing_items,missing item,"horrific, please don't download and read first They have no ability to complain, no email address and no complaints section in the app. You cannot review places if you're order is cancelled, even if you have waited 2.5 hours. I have had multiple orders with cold food or no items and there has never been money back (photo were provided). They have in their discretion to give money for missing items. The reviews are falsely inflated and delivery time wrong reduced. DO NOT USE"
ba9090c317d7546e9174,google_play,Blinkit,1.0,outage,not working,Aap is not working
5bf42fedc4225681eba7,google_play,Flipkart,1.0,unspecified_delay,,"Flipkart does fraud, do not use it for online shopping. As I will tell you about a scam, if you make payment for the order online, then if you return the order, then instead of your refund money coming to the bank, it will be deposited in the Flipkart wallet, which you can use only for Flipkart shopping and you will not be able to use your money anywhere else. In spite of giving your bank account or UPI ID, this money will be deposited in the Flipkart wallet only, so that you will not be able"
2c8ee9a23770469725c5,google_play,Zepto,1.0,unspecified_delay,,"zepto is deteriorating day by day. when it first established I was it's admirer due to fresh and clean products delivered on time. But now the products are either missing, expired, torn, damaged or very very dirty. Earlier the customer care had Live Agents that resolve issue one to one But Now there are no Live agents and any problem is asked to send emails. Once you email them they play email email with you saying the same things. Now i am convinced that Zepto considers their customers as fools"
6c7f86e83056ff094478,google_play,Amazon IN,1.0,unspecified_delay,,"I booked an order on July 26th, but I haven't received the item yet. It shows as delivered on August 3rd, 2026. When I called customer care, they said that your money will be refunded to your account within five days. Still haven't received any refund, I haven't even received the item, they are very careless"
d16a2cc5063ac35f9a9d,google_play,Amazon IN,1.0,cancelled,cancelled,"⭐ 1/5 — बेहद खराब अनुभव Amazon ने मेरा ऑर्डर 5 बार डिलीवरी के समय कैंसल किया। हर बार इंतजार करने के बाद आखिरी समय पर कैंसिलेशन मिला। अगर डिलीवरी नहीं करनी थी तो पहले ही बता देना चाहिए था। बार-बार ऐसा होना ग्राहक के समय और भरोसे दोनों के साथ खिलवाड़ है। 5 बार के इस अनुभव के बाद Amazon की डिलीवरी सर्विस पर मेरा भरोसा पूरी तरह खत्म हो गया है। बेहद निराशाजनक और गैर-जिम्मेदाराना सेवा।⭐ 1/5 — Extremely disappointing experience Amazon cancelled my order 5 times, right at the time of delivery"
6ecf12cc2a4b60c51911,google_play,Myntra,1.0,late_delivery,delaying,Bad experience with Myntra bad customer support. I am a long time customer but whenever i make up my mind to order from Myntra every time I get disappointed. Recently I ordered one product from here and it came to my nearest district and went off to 300 km from my place and they are delaying and delaying my order. Once I ordered one product and returned it at that time and didn't receive my money back @myntra very poor service
19c03f8d1f768634ef7c,google_play,Zomato,1.0,never_arrived,not receiv,Horrible customer service. I ordered an icecream but i did not received any order. when i tried yo reach them they never replied back. Horrible company never recomend ordering from it
c256966c2c7d247a1ccf,google_play,Uber,1.0,unspecified_delay,,too much waiting time for cab to get booked. then also it is not getting booked. very bad coordination and management
56b10983f3329e055e49,google_play,Flipkart,2.0,cancelled,cancelled,I ordered an item on 31st August and its 18 sept today still haven't received my order. The communication is not helpful at all. First it got delayed then again delayed then cancelled I ordered an replacement but still it was delayed. No proper updates are given
55e09e41138f2ac3fdf3,google_play,Amazon,1.0,late_delivery,delayed,Your logistics suck. EVERY order is always delayed!!!! fix it !!!!
4f1448b19ba0a166ccbe,news,,,late_delivery,delay,Shipping delay in Oklahoma turns into soccer boost in Rwanda - KOKH. Shipping delay in Oklahoma turns into soccer boost in Rwanda KOKH
de2e1dd19be25593928f,google_play,Flipkart,1.0,never_arrived,not deliver,this app is not delivered products on time
441ad31d03a0363dcbd5,google_play,Myntra,1.0,never_arrived,never arriv,"The item I ordered never arrived, a replacement arrived, and there was no return. This is a very poor, useless app"
