date,delay_domain,n,sentiment_mean,sentiment_weighted,negative_share,engagement_sum,engagement_mean,rating_mean,delay_share
2026-08-06,,2,-1.0,-0.6706,1.0,1,0.5,,1.0
2026-08-06,airline,3,0.3333333333333333,0.10789999999999998,0.3333333333333333,5,1.6666666666666667,2.0,1.0
2026-08-06,ecommerce,17,-0.5882352941176471,-0.46739411764705885,0.7647058823529411,27,1.588235294117647,2.1176470588235294,1.0
2026-08-06,food_delivery,31,-0.5483870967741935,-0.3954870967741935,0.7419354838709677,170,5.483870967741935,1.8387096774193548,1.0
2026-08-06,parcel_courier,7,-1.0,-0.7223714285714286,1.0,0,0.0,1.4285714285714286,1.0
2026-08-06,ride_hailing,9,-0.6666666666666666,-0.4848666666666667,0.7777777777777778,23,2.5555555555555554,1.7777777777777777,1.0
2026-08-06,telecom_isp,5,-1.0,-0.65042,1.0,10,2.0,1.0,1.0
2026-08-07,telecom_isp,5,-0.6,-0.496,0.8,23,4.6,1.8,1.0
2026-08-07,ride_hailing,18,-0.8333333333333334,-0.5884833333333334,0.8888888888888888,18,1.0,1.7777777777777777,1.0
2026-08-07,quick_commerce,3,-1.0,-0.7810333333333332,1.0,1,0.3333333333333333,1.0,1.0
2026-08-07,parcel_courier,9,-0.7777777777777778,-0.6074888888888889,0.8888888888888888,4,0.4444444444444444,2.0,1.0
2026-08-07,airline,7,-1.0,-0.7212571428571428,1.0,7,1.0,1.4285714285714286,1.0
2026-08-07,ecommerce,35,-0.6571428571428571,-0.4841628571428571,0.8,72,2.057142857142857,2.057142857142857,1.0
2026-08-07,,10,-0.6,-0.41871,0.7,5,0.5,,1.0
2026-08-07,food_delivery,81,-0.8395061728395061,-0.6697827160493828,0.9012345679012346,226,2.7901234567901234,1.5308641975308641,1.0
2026-08-08,ride_hailing,14,-0.5714285714285714,-0.3870142857142857,0.7142857142857143,28,2.0,1.7857142857142858,1.0
2026-08-08,telecom_isp,4,0.0,-0.0025250000000000272,0.5,3,0.75,2.5,1.0
2026-08-08,parcel_courier,6,-0.6666666666666666,-0.4462166666666667,0.8333333333333334,1,0.16666666666666666,1.6666666666666667,1.0
2026-08-08,quick_commerce,4,-0.5,-0.3508,0.75,12,3.0,1.25,1.0
2026-08-08,ecommerce,52,-0.7115384615384616,-0.5205461538461539,0.8269230769230769,132,2.5384615384615383,1.8653846153846154,1.0
2026-08-08,food_delivery,94,-0.7553191489361702,-0.5783393617021276,0.851063829787234,172,1.8297872340425532,1.5319148936170213,1.0
2026-08-08,airline,6,-0.16666666666666666,-0.14664999999999997,0.5,7,1.1666666666666667,2.0,1.0
2026-08-08,,4,-0.25,-0.21735,0.5,0,0.0,,1.0
2026-08-09,ride_hailing,15,-0.4666666666666667,-0.31084666666666666,0.7333333333333333,8,0.5333333333333333,1.8666666666666667,1.0
2026-08-09,quick_commerce,3,0.3333333333333333,0.12633333333333335,0.3333333333333333,1,0.3333333333333333,3.6666666666666665,1.0
2026-08-09,parcel_courier,2,-1.0,-0.9121,1.0,2,1.0,1.0,1.0
2026-08-09,telecom_isp,3,-1.0,-0.6022666666666666,1.0,0,0.0,2.6666666666666665,1.0
2026-08-09,ecommerce,40,-0.725,-0.579495,0.85,96,2.4,1.425,1.0
2026-08-09,airline,7,-0.42857142857142855,-0.27885714285714286,0.7142857142857143,7,1.0,1.5714285714285714,1.0
2026-08-09,,5,-0.4,-0.31562,0.6,3,0.6,,1.0
2026-08-09,food_delivery,84,-0.8928571428571429,-0.6462321428571428,0.9166666666666666,118,1.4047619047619047,1.2976190476190477,1.0
2026-08-10,,10,-0.5,-0.35519,0.5,0,0.0,,1.0
2026-08-10,airline,7,-0.7142857142857143,-0.4636142857142857,0.7142857142857143,13,1.8571428571428572,1.8571428571428572,1.0
2026-08-10,ecommerce,44,-0.7727272727272727,-0.5544295454545455,0.8636363636363636,209,4.75,1.6818181818181819,1.0
2026-08-10,food_delivery,81,-0.7654320987654321,-0.6074987654320988,0.8395061728395061,377,4.654320987654321,1.2839506172839505,1.0
2026-08-10,parcel_courier,6,-0.8333333333333334,-0.5153,0.8333333333333334,67,11.166666666666666,2.2,1.0
2026-08-10,quick_commerce,2,-1.0,-0.8344,1.0,4,2.0,1.0,1.0
2026-08-10,ride_hailing,11,-0.5454545454545454,-0.4799909090909091,0.6363636363636364,4,0.36363636363636365,1.8,1.0
2026-08-10,telecom_isp,9,-0.7777777777777778,-0.6010777777777778,0.8888888888888888,15,1.6666666666666667,1.0,1.0
2026-08-11,quick_commerce,4,-0.5,-0.32865,0.75,6,1.5,1.25,1.0
2026-08-11,telecom_isp,3,-0.3333333333333333,-0.2058333333333333,0.6666666666666666,3,1.0,1.0,1.0
2026-08-11,parcel_courier,18,-0.5555555555555556,-0.43508888888888886,0.7222222222222222,27,1.5,1.375,1.0
2026-08-11,ride_hailing,13,-0.6153846153846154,-0.500476923076923,0.7692307692307693,21,1.6153846153846154,1.7692307692307692,1.0
2026-08-11,ecommerce,43,-0.7441860465116279,-0.5633232558139535,0.8372093023255814,242,5.627906976744186,1.4883720930232558,1.0
2026-08-11,,15,-0.6,-0.38510666666666665,0.6,2,0.13333333333333333,,1.0
2026-08-11,food_delivery,74,-0.7837837837837838,-0.5971986486486487,0.8783783783783784,48,0.6486486486486487,1.4189189189189189,1.0
2026-08-11,airline,8,-0.25,-0.1754375,0.625,4,0.5,2.0,1.0
2026-08-12,ride_hailing,17,-0.7647058823529411,-0.5483235294117648,0.8235294117647058,20,1.1764705882352942,1.7647058823529411,1.0
2026-08-12,quick_commerce,1,-1.0,-0.687,1.0,1,1.0,1.0,1.0
2026-08-12,parcel_courier,11,-0.8181818181818182,-0.5276909090909091,0.9090909090909091,22,2.0,2.0,1.0
2026-08-12,telecom_isp,2,-0.5,-0.36935,0.5,3,1.5,1.0,1.0
2026-08-12,ecommerce,38,-0.5,-0.3864526315789474,0.7368421052631579,69,1.8157894736842106,1.7105263157894737,1.0
2026-08-12,airline,5,-0.4,-0.29262000000000005,0.6,5,1.0,2.4,1.0
2026-08-12,,12,-0.6666666666666666,-0.45626666666666665,0.75,1,0.08333333333333333,,1.0
2026-08-12,food_delivery,62,-0.7258064516129032,-0.5532967741935484,0.8387096774193549,107,1.7258064516129032,1.532258064516129,1.0
2026-08-13,,18,-0.7777777777777778,-0.4686666666666667,0.8333333333333334,5,0.2777777777777778,,1.0
2026-08-13,ecommerce,35,-0.6571428571428571,-0.49739999999999995,0.8285714285714286,61,1.7428571428571429,1.6470588235294117,1.0
2026-08-13,food_delivery,79,-0.7468354430379747,-0.5892924050632912,0.8607594936708861,104,1.3164556962025316,1.481012658227848,1.0
2026-08-13,parcel_courier,21,-0.5714285714285714,-0.4302,0.7619047619047619,12,0.5714285714285714,1.2857142857142858,1.0
2026-08-13,quick_commerce,2,-1.0,-0.7019,1.0,3,1.5,2.0,1.0
2026-08-13,ride_hailing,6,-0.8333333333333334,-0.6165666666666666,0.8333333333333334,22,3.6666666666666665,1.1666666666666667,1.0
2026-08-13,telecom_isp,7,-0.8571428571428571,-0.6229714285714286,0.8571428571428571,12,1.7142857142857142,1.5714285714285714,1.0
2026-08-13,airline,5,-0.2,-0.2439,0.6,6,1.2,2.2,1.0
2026-08-14,parcel_courier,33,-0.45454545454545453,-0.3581939393939394,0.696969696969697,41,1.2424242424242424,1.8484848484848484,1.0
2026-08-14,telecom_isp,8,-0.875,-0.6430875,0.875,18,2.25,1.125,1.0
2026-08-14,ride_hailing,15,-0.8666666666666667,-0.6362533333333334,0.9333333333333333,17,1.1333333333333333,1.5333333333333334,1.0
2026-08-14,quick_commerce,4,0.0,0.029224999999999973,0.5,13,3.25,3.25,1.0
2026-08-14,food_delivery,90,-0.8111111111111111,-0.6493677777777778,0.8777777777777778,122,1.3555555555555556,1.3,1.0
2026-08-14,airline,4,-0.5,-0.37277499999999997,0.75,1,0.25,3.0,1.0
2026-08-14,,8,-0.25,-0.1424125,0.375,1,0.125,,1.0
2026-08-14,ecommerce,37,-0.8918918918918919,-0.6564189189189189,0.9459459459459459,82,2.2162162162162162,1.4864864864864864,1.0
2026-08-15,,3,0.0,0.015400000000000006,0.3333333333333333,2,0.6666666666666666,,1.0
2026-08-15,airline,7,-0.5714285714285714,-0.48031428571428575,0.7142857142857143,9,1.2857142857142858,1.8571428571428572,1.0
2026-08-15,ecommerce,36,-0.75,-0.5608666666666666,0.8333333333333334,43,1.1944444444444444,1.7222222222222223,1.0
2026-08-15,food_delivery,83,-0.8674698795180723,-0.6800867469879518,0.927710843373494,163,1.963855421686747,1.4939759036144578,1.0
2026-08-15,parcel_courier,7,-1.0,-0.7917714285714286,1.0,25,3.5714285714285716,2.142857142857143,1.0
2026-08-15,quick_commerce,7,-0.42857142857142855,-0.3140428571428572,0.7142857142857143,30,4.285714285714286,2.5714285714285716,1.0
2026-08-15,ride_hailing,11,-0.36363636363636365,-0.2826,0.5454545454545454,2,0.18181818181818182,2.090909090909091,1.0
2026-08-15,telecom_isp,35,-0.6857142857142857,-0.5150542857142858,0.7714285714285715,22,0.6285714285714286,1.1714285714285715,1.0
2026-08-16,telecom_isp,29,-0.7241379310344828,-0.5527206896551724,0.7931034482758621,21,0.7241379310344828,1.103448275862069,1.0
2026-08-16,ride_hailing,12,-0.75,-0.5075333333333333,0.8333333333333334,4,0.3333333333333333,2.1666666666666665,1.0
2026-08-16,quick_commerce,3,-1.0,-0.7185666666666667,1.0,2,0.6666666666666666,2.0,1.0
2026-08-16,parcel_courier,8,-0.125,-0.1125375,0.375,26,3.25,2.125,1.0
2026-08-16,,7,-1.0,-0.5267857142857143,1.0,5,0.7142857142857143,,1.0
2026-08-16,ecommerce,40,-0.6,-0.4640175,0.775,599,14.975,2.1538461538461537,1.0
2026-08-16,airline,9,-0.3333333333333333,-0.2406777777777778,0.4444444444444444,4,0.4444444444444444,1.8888888888888888,1.0
2026-08-16,food_delivery,83,-0.7469879518072289,-0.555667469879518,0.8313253012048193,247,2.9759036144578315,1.524390243902439,1.0
2026-08-17,quick_commerce,6,-0.6666666666666666,-0.4937666666666667,0.8333333333333334,9,1.5,1.6666666666666667,1.0
2026-08-17,telecom_isp,25,-0.88,-0.618348,0.92,26,1.04,1.32,1.0
2026-08-17,ride_hailing,12,-1.0,-0.7579750000000001,1.0,125,10.416666666666666,1.5,1.0
2026-08-17,parcel_courier,1,-1.0,-0.76,1.0,1,1.0,1.0,1.0
2026-08-17,airline,8,-0.625,-0.4662,0.625,2,0.25,2.75,1.0
2026-08-17,ecommerce,34,-0.7352941176470589,-0.559479411764706,0.8235294117647058,57,1.6764705882352942,1.7941176470588236,1.0
2026-08-17,food_delivery,73,-0.726027397260274,-0.549895890410959,0.8356164383561644,113,1.547945205479452,1.380281690140845,1.0
2026-08-17,,10,-0.4,-0.25649,0.4,0,0.0,,1.0
2026-08-18,,17,-0.6470588235294118,-0.44846470588235293,0.7058823529411765,0,0.0,,1.0
2026-08-18,airline,7,-0.7142857142857143,-0.46295714285714284,0.8571428571428571,8,1.1428571428571428,1.4285714285714286,1.0
2026-08-18,ecommerce,46,-0.6739130434782609,-0.5175130434782609,0.8043478260869565,197,4.282608695652174,1.7333333333333334,1.0
2026-08-18,food_delivery,67,-0.8656716417910447,-0.6553134328358209,0.9104477611940298,59,0.8805970149253731,1.328358208955224,1.0
2026-08-18,parcel_courier,6,-1.0,-0.6997,1.0,13,2.1666666666666665,2.1666666666666665,1.0
2026-08-18,quick_commerce,2,-1.0,-0.7414000000000001,1.0,7,3.5,1.5,1.0
2026-08-18,ride_hailing,13,-0.7692307692307693,-0.5636846153846153,0.8461538461538461,1,0.07692307692307693,1.4615384615384615,1.0
2026-08-18,telecom_isp,27,-0.7407407407407407,-0.5285000000000001,0.8148148148148148,17,0.6296296296296297,1.3333333333333333,1.0
2026-08-19,ride_hailing,17,-0.8823529411764706,-0.6605058823529412,0.9411764705882353,13,0.7647058823529411,1.4705882352941178,1.0
2026-08-19,quick_commerce,7,-1.0,-0.6449571428571429,1.0,1,0.14285714285714285,1.5714285714285714,1.0
2026-08-19,parcel_courier,8,-0.625,-0.43177499999999996,0.75,1,0.125,2.0,1.0
2026-08-19,telecom_isp,21,-0.7619047619047619,-0.5879190476190476,0.8571428571428571,10,0.47619047619047616,1.5238095238095237,1.0
2026-08-19,ecommerce,34,-0.9117647058823529,-0.7075323529411764,0.9411764705882353,180,5.294117647058823,1.5588235294117647,1.0
2026-08-19,airline,11,-0.5454545454545454,-0.3230636363636364,0.6363636363636364,6,0.5454545454545454,1.7272727272727273,1.0
2026-08-19,,11,-0.45454545454545453,-0.2521818181818182,0.7272727272727273,0,0.0,,1.0
2026-08-19,food_delivery,77,-0.8311688311688312,-0.6388389610389611,0.8831168831168831,309,4.012987012987013,1.4675324675324675,1.0
2026-08-20,ride_hailing,10,-0.8,-0.5734899999999999,0.9,50,5.0,1.5,1.0
2026-08-20,quick_commerce,3,-0.3333333333333333,-0.2717333333333333,0.6666666666666666,3,1.0,3.0,1.0
2026-08-20,parcel_courier,18,-0.8333333333333334,-0.5822166666666667,0.8333333333333334,10,0.5555555555555556,1.2222222222222223,1.0
2026-08-20,telecom_isp,31,-0.6774193548387096,-0.5292290322580645,0.7741935483870968,11,0.3548387096774194,1.2258064516129032,1.0
2026-08-20,ecommerce,43,-0.6976744186046512,-0.5141139534883721,0.8372093023255814,345,8.023255813953488,1.744186046511628,1.0
2026-08-20,airline,1,1.0,0.5463,0.0,0,0.0,2.0,1.0
2026-08-20,,6,-0.6666666666666666,-0.37790000000000007,0.6666666666666666,0,0.0,,1.0
2026-08-20,food_delivery,72,-0.7361111111111112,-0.5558236111111111,0.8333333333333334,61,0.8472222222222222,1.4027777777777777,1.0
2026-08-21,,5,-0.8,-0.44315999999999994,0.8,1,0.2,,1.0
2026-08-21,airline,7,-0.42857142857142855,-0.3293142857142857,0.7142857142857143,12,1.7142857142857142,1.2857142857142858,1.0
2026-08-21,ecommerce,33,-0.8787878787878788,-0.6532636363636364,0.9393939393939394,258,7.818181818181818,1.4242424242424243,1.0
2026-08-21,food_delivery,66,-0.7424242424242424,-0.5658681818181818,0.8636363636363636,63,0.9545454545454546,1.5,1.0
2026-08-21,parcel_courier,10,-0.3,-0.25481,0.6,30,3.0,1.5555555555555556,1.0
2026-08-21,quick_commerce,5,-0.8,-0.5671799999999999,0.8,12,2.4,1.0,1.0
2026-08-21,ride_hailing,13,-0.5384615384615384,-0.4182538461538462,0.6153846153846154,20,1.5384615384615385,1.6153846153846154,1.0
2026-08-21,telecom_isp,22,-0.6363636363636364,-0.49172272727272726,0.7272727272727273,29,1.3181818181818181,1.3181818181818181,1.0
2026-08-22,quick_commerce,1,-1.0,-0.8326,1.0,7,7.0,1.0,1.0
2026-08-22,ride_hailing,15,-0.7333333333333333,-0.5535,0.8,0,0.0,1.3333333333333333,1.0
2026-08-22,parcel_courier,10,-0.6,-0.33328,0.8,9,0.9,2.4,1.0
2026-08-22,telecom_isp,26,-0.8076923076923077,-0.5736423076923077,0.8076923076923077,34,1.3076923076923077,1.3076923076923077,1.0
2026-08-22,ecommerce,43,-0.7209302325581395,-0.5661255813953489,0.8604651162790697,97,2.255813953488372,1.6046511627906976,1.0
2026-08-22,,4,-0.25,-0.15300000000000002,0.5,2,0.5,,1.0
2026-08-22,food_delivery,80,-0.8375,-0.6584175,0.8875,81,1.0125,1.5,1.0
2026-08-22,airline,10,-0.7,-0.50583,0.8,2,0.2,1.5,1.0
2026-08-23,telecom_isp,15,-0.8666666666666667,-0.62978,0.8666666666666667,14,0.9333333333333333,1.0666666666666667,1.0
2026-08-23,,2,-1.0,-0.6211,1.0,1,0.5,,1.0
2026-08-23,airline,7,-0.7142857142857143,-0.5431285714285714,0.8571428571428571,11,1.5714285714285714,1.4285714285714286,1.0
2026-08-23,ecommerce,57,-0.8070175438596491,-0.6340736842105263,0.8596491228070176,82,1.4385964912280702,1.263157894736842,1.0
2026-08-23,food_delivery,73,-0.821917808219178,-0.6441027397260274,0.8904109589041096,109,1.4931506849315068,1.3287671232876712,1.0
2026-08-23,parcel_courier,2,-0.5,-0.44765,0.5,7,3.5,1.0,1.0
2026-08-23,quick_commerce,2,-1.0,-0.7446999999999999,1.0,3,1.5,3.0,1.0
2026-08-23,ride_hailing,16,-0.6875,-0.50589375,0.8125,10,0.625,1.375,1.0
2026-08-24,telecom_isp,28,-0.7857142857142857,-0.5953678571428572,0.8571428571428571,36,1.2857142857142858,1.3214285714285714,1.0
2026-08-24,ride_hailing,16,-0.8125,-0.62139375,0.8125,20,1.25,1.1875,1.0
2026-08-24,quick_commerce,3,-0.6666666666666666,-0.47923333333333334,0.6666666666666666,3,1.0,1.3333333333333333,1.0
2026-08-24,parcel_courier,5,-0.6,-0.4625,0.8,4,0.8,1.6,1.0
2026-08-24,airline,8,-0.5,-0.445125,0.75,14,1.75,1.375,1.0
2026-08-24,ecommerce,93,-0.9032258064516129,-0.6750548387096774,0.9247311827956989,240,2.5806451612903225,1.3010752688172043,1.0
2026-08-24,,8,-0.125,-0.0103375,0.25,3,0.375,,1.0
2026-08-24,food_delivery,71,-0.7464788732394366,-0.5775154929577465,0.8450704225352113,79,1.1126760563380282,1.4788732394366197,1.0
2026-08-25,parcel_courier,14,-0.7142857142857143,-0.5666714285714286,0.8571428571428571,16,1.1428571428571428,1.5384615384615385,1.0
2026-08-25,ride_hailing,19,-0.631578947368421,-0.4713368421052631,0.7894736842105263,16,0.8421052631578947,1.5789473684210527,1.0
2026-08-25,quick_commerce,4,-1.0,-0.8523499999999999,1.0,5,1.25,1.75,1.0
2026-08-25,telecom_isp,32,-0.8125,-0.601434375,0.84375,30,0.9375,1.0,1.0
2026-08-25,food_delivery,74,-0.8108108108108109,-0.610772972972973,0.8513513513513513,37,0.5,1.527027027027027,1.0
2026-08-25,airline,4,-1.0,-0.57315,1.0,5,1.25,1.5,1.0
2026-08-25,,14,-0.35714285714285715,-0.2690142857142857,0.5,3,0.21428571428571427,,1.0
2026-08-25,ecommerce,91,-0.8351648351648352,-0.6294076923076923,0.8901098901098901,153,1.6813186813186813,1.5054945054945055,1.0
2026-08-26,ride_hailing,15,-0.6,-0.40614666666666666,0.8,13,0.8666666666666667,2.933333333333333,1.0
2026-08-26,quick_commerce,6,0.3333333333333333,0.2009,0.3333333333333333,0,0.0,2.3333333333333335,1.0
2026-08-26,parcel_courier,12,-0.3333333333333333,-0.27219166666666667,0.5833333333333334,9,0.75,2.5833333333333335,1.0
2026-08-26,telecom_isp,29,-0.7586206896551724,-0.5633482758620689,0.8275862068965517,28,0.9655172413793104,1.103448275862069,1.0
2026-08-26,ecommerce,101,-0.801980198019802,-0.6077762376237623,0.8712871287128713,615,6.089108910891089,1.504950495049505,1.0
2026-08-26,airline,6,-0.3333333333333333,-0.17926666666666669,0.3333333333333333,4,0.6666666666666666,2.1666666666666665,1.0
2026-08-26,,11,-0.5454545454545454,-0.3859,0.6363636363636364,14,1.2727272727272727,,1.0
2026-08-26,food_delivery,67,-0.835820895522388,-0.6403388059701492,0.8656716417910447,209,3.1194029850746268,1.3432835820895523,1.0
2026-08-27,,12,-0.4166666666666667,-0.23504166666666668,0.5833333333333334,0,0.0,,1.0
2026-08-27,airline,6,-1.0,-0.7250166666666668,1.0,4,0.6666666666666666,1.0,1.0
2026-08-27,ecommerce,92,-0.8369565217391305,-0.6245499999999999,0.8913043478260869,469,5.0978260869565215,1.3804347826086956,1.0
2026-08-27,food_delivery,78,-0.8205128205128205,-0.6235025641025641,0.8846153846153846,139,1.7820512820512822,1.4415584415584415,1.0
2026-08-27,parcel_courier,14,-0.5,-0.3557,0.7142857142857143,13,0.9285714285714286,2.3846153846153846,1.0
2026-08-27,quick_commerce,5,-0.8,-0.58304,0.8,6,1.2,1.8,1.0
2026-08-27,ride_hailing,18,-0.8333333333333334,-0.6216777777777778,0.8888888888888888,6,0.3333333333333333,1.5,1.0
2026-08-27,telecom_isp,15,-0.8666666666666667,-0.7217266666666667,0.9333333333333333,20,1.3333333333333333,1.0666666666666667,1.0
2026-08-28,quick_commerce,34,-0.7647058823529411,-0.6028352941176471,0.8235294117647058,37,1.088235294117647,1.2647058823529411,1.0
2026-08-28,telecom_isp,24,-0.5833333333333334,-0.4719166666666667,0.75,37,1.5416666666666667,1.4583333333333333,1.0
2026-08-28,parcel_courier,8,-0.625,-0.47533749999999997,0.75,2,0.25,2.142857142857143,1.0
2026-08-28,ride_hailing,25,-0.72,-0.518264,0.8,25,1.0,1.6,1.0
2026-08-28,ecommerce,97,-0.8247422680412371,-0.6165360824742269,0.8762886597938144,140,1.443298969072165,1.422680412371134,1.0
2026-08-28,airline,6,-0.6666666666666666,-0.4983166666666667,0.8333333333333334,14,2.3333333333333335,2.0,1.0
2026-08-28,food_delivery,90,-0.7333333333333333,-0.5487322222222222,0.8555555555555555,87,0.9666666666666667,1.5842696629213484,1.0
2026-08-28,,12,-0.5,-0.3392,0.6666666666666666,0,0.0,,1.0
2026-08-29,,4,-0.25,-0.2963,0.5,12,3.0,,1.0
2026-08-29,airline,3,-0.3333333333333333,-0.2171666666666667,0.6666666666666666,1,0.3333333333333333,3.3333333333333335,1.0
2026-08-29,ecommerce,94,-0.851063829787234,-0.6390531914893617,0.8936170212765957,329,3.5,1.3829787234042554,1.0
2026-08-29,food_delivery,88,-0.6136363636363636,-0.4724056818181818,0.7954545454545454,56,0.6363636363636364,1.5795454545454546,1.0
2026-08-29,parcel_courier,7,-0.7142857142857143,-0.5535857142857142,0.8571428571428571,0,0.0,1.1428571428571428,1.0
2026-08-29,quick_commerce,60,-0.8833333333333333,-0.67248,0.9,49,0.8166666666666667,1.2166666666666666,1.0
2026-08-29,ride_hailing,19,-0.8947368421052632,-0.6205368421052632,0.9473684210526315,6,0.3157894736842105,1.368421052631579,1.0
2026-08-29,telecom_isp,25,-1.0,-0.706944,1.0,28,1.12,1.36,1.0
2026-08-30,ride_hailing,17,-0.6470588235294118,-0.5262764705882352,0.7647058823529411,7,0.4117647058823529,1.4705882352941178,1.0
2026-08-30,quick_commerce,62,-0.7258064516129032,-0.548058064516129,0.8225806451612904,26,0.41935483870967744,1.5806451612903225,1.0
2026-08-30,parcel_courier,8,-0.75,-0.4216375,0.875,6,0.75,2.142857142857143,1.0
2026-08-30,telecom_isp,21,-0.6666666666666666,-0.5511619047619047,0.7619047619047619,35,1.6666666666666667,1.0476190476190477,1.0
2026-08-30,ecommerce,90,-0.8222222222222222,-0.6202322222222223,0.8777777777777778,184,2.0444444444444443,1.6222222222222222,1.0
2026-08-30,airline,6,-0.6666666666666666,-0.4455,0.6666666666666666,9,1.5,1.5,1.0
2026-08-30,,5,-1.0,-0.78722,1.0,0,0.0,,1.0
2026-08-30,food_delivery,83,-0.9156626506024096,-0.7026192771084337,0.927710843373494,269,3.2409638554216866,1.2650602409638554,1.0
2026-08-31,ride_hailing,11,-0.7272727272727273,-0.5687545454545455,0.8181818181818182,14,1.2727272727272727,2.1818181818181817,1.0
2026-08-31,quick_commerce,52,-0.6538461538461539,-0.5237673076923077,0.75,53,1.0192307692307692,1.5192307692307692,1.0
2026-08-31,parcel_courier,7,-0.5714285714285714,-0.4396857142857143,0.7142857142857143,57,8.142857142857142,1.7142857142857142,1.0
2026-08-31,telecom_isp,25,-0.84,-0.676276,0.92,48,1.92,1.16,1.0
2026-08-31,ecommerce,96,-0.7708333333333334,-0.5883427083333334,0.8541666666666666,227,2.3645833333333335,1.6145833333333333,1.0
2026-08-31,airline,4,-0.5,-0.48114999999999997,0.75,2,0.5,2.0,1.0
2026-08-31,,15,-0.3333333333333333,-0.24429333333333333,0.5333333333333333,5,0.3333333333333333,,1.0
2026-08-31,food_delivery,93,-0.8279569892473119,-0.617674193548387,0.8924731182795699,65,0.6989247311827957,1.3333333333333333,1.0
2026-09-01,,19,-0.631578947368421,-0.4641473684210526,0.7368421052631579,12,0.631578947368421,,1.0
2026-09-01,airline,8,-0.125,-0.07984999999999999,0.5,4,0.5,1.75,1.0
2026-09-01,ecommerce,94,-0.648936170212766,-0.4870148936170213,0.776595744680851,174,1.851063829787234,1.8617021276595744,1.0
2026-09-01,food_delivery,79,-0.7974683544303798,-0.6191594936708861,0.8734177215189873,281,3.5569620253164556,1.4303797468354431,1.0
2026-09-01,parcel_courier,12,-0.5833333333333334,-0.39043333333333335,0.75,5,0.4166666666666667,2.1818181818181817,1.0
2026-09-01,quick_commerce,43,-0.7209302325581395,-0.5617906976744186,0.8604651162790697,39,0.9069767441860465,1.627906976744186,1.0
2026-09-01,ride_hailing,12,-0.6666666666666666,-0.4423416666666667,0.75,146,12.166666666666666,2.25,1.0
2026-09-01,telecom_isp,23,-0.6521739130434783,-0.457995652173913,0.782608695652174,15,0.6521739130434783,1.434782608695652,1.0
2026-09-02,quick_commerce,65,-0.6461538461538462,-0.4724815384615385,0.7846153846153846,35,0.5384615384615384,1.7384615384615385,1.0
2026-09-02,ride_hailing,15,-0.8,-0.5746666666666667,0.8666666666666667,1,0.06666666666666667,1.2666666666666666,1.0
2026-09-02,parcel_courier,8,-0.625,-0.48653749999999996,0.75,8,1.0,1.0,1.0
2026-09-02,telecom_isp,21,-0.6190476190476191,-0.47896190476190476,0.7619047619047619,22,1.0476190476190477,1.9047619047619047,1.0
2026-09-02,ecommerce,95,-0.6736842105263158,-0.517061052631579,0.8,157,1.6526315789473685,1.4680851063829787,1.0
2026-09-02,,18,-0.5555555555555556,-0.3497222222222222,0.6111111111111112,0,0.0,,1.0
2026-09-02,food_delivery,77,-0.7012987012987013,-0.5258636363636364,0.8181818181818182,60,0.7792207792207793,1.6233766233766234,1.0
2026-09-02,airline,7,-0.7142857142857143,-0.4642714285714286,0.7142857142857143,3,0.42857142857142855,2.0,1.0
2026-09-03,telecom_isp,29,-0.7586206896551724,-0.5811586206896552,0.8620689655172413,24,0.8275862068965517,1.2758620689655173,1.0
2026-09-03,,42,-0.5238095238095238,-0.3528357142857143,0.6190476190476191,20,0.47619047619047616,,1.0
2026-09-03,airline,8,0.0,-0.018262499999999987,0.375,2,0.25,1.875,1.0
2026-09-03,ecommerce,105,-0.6285714285714286,-0.4955638095238095,0.7523809523809524,108,1.0285714285714285,1.7809523809523808,1.0
2026-09-03,food_delivery,99,-0.7272727272727273,-0.5537121212121212,0.8484848484848485,91,0.9191919191919192,1.5555555555555556,1.0
2026-09-03,parcel_courier,11,-0.7272727272727273,-0.5203454545454546,0.8181818181818182,1,0.09090909090909091,1.5,1.0
2026-09-03,quick_commerce,79,-0.7341772151898734,-0.5538556962025317,0.8354430379746836,45,0.569620253164557,1.5822784810126582,1.0
2026-09-03,ride_hailing,16,-0.8125,-0.5846625,0.875,30,1.875,1.6875,1.0
2026-09-04,telecom_isp,24,-0.75,-0.5575541666666667,0.7916666666666666,121,5.041666666666667,1.3333333333333333,1.0
2026-09-04,ride_hailing,15,-0.8,-0.5868733333333334,0.8666666666666667,11,0.7333333333333333,1.2666666666666666,1.0
2026-09-04,quick_commerce,104,-0.6153846153846154,-0.4980028846153846,0.7307692307692307,41,0.3942307692307692,1.625,1.0
2026-09-04,parcel_courier,14,-0.7142857142857143,-0.5385571428571428,0.7857142857142857,7,0.5,1.8181818181818181,1.0
2026-09-04,airline,14,-0.6428571428571429,-0.45725000000000005,0.7142857142857143,2,0.14285714285714285,1.7857142857142858,1.0
2026-09-04,ecommerce,123,-0.7967479674796748,-0.6041276422764228,0.8780487804878049,171,1.3902439024390243,1.5819672131147542,1.0
2026-09-04,,26,-0.5769230769230769,-0.3933038461538461,0.6923076923076923,22,0.8461538461538461,,1.0
2026-09-04,food_delivery,95,-0.6210526315789474,-0.49413684210526315,0.7684210526315789,217,2.2842105263157895,1.6344086021505377,1.0
2026-09-05,parcel_courier,7,-1.0,-0.7163285714285713,1.0,2,0.2857142857142857,1.0,1.0
2026-09-05,ride_hailing,23,-0.6086956521739131,-0.4351347826086957,0.782608695652174,17,0.7391304347826086,1.565217391304348,1.0
2026-09-05,quick_commerce,91,-0.7362637362637363,-0.5409791208791209,0.8021978021978022,41,0.45054945054945056,1.6153846153846154,1.0
2026-09-05,telecom_isp,33,-0.7878787878787878,-0.5765424242424242,0.8181818181818182,15,0.45454545454545453,1.1818181818181819,1.0
2026-09-05,food_delivery,126,-0.7857142857142857,-0.6033896825396826,0.8571428571428571,75,0.5952380952380952,1.5241935483870968,1.0
2026-09-05,airline,7,-0.5714285714285714,-0.3465857142857143,0.7142857142857143,4,0.5714285714285714,2.857142857142857,1.0
2026-09-05,,18,-0.7777777777777778,-0.5963277777777778,0.8888888888888888,0,0.0,,1.0
2026-09-05,ecommerce,107,-0.6542056074766355,-0.5024532710280374,0.8037383177570093,181,1.691588785046729,1.8785046728971964,1.0
2026-09-06,ride_hailing,39,-0.6666666666666666,-0.5140179487179487,0.7948717948717948,14,0.358974358974359,1.5263157894736843,1.0
2026-09-06,quick_commerce,110,-0.6909090909090909,-0.5140009090909091,0.7909090909090909,26,0.23636363636363636,1.5636363636363637,1.0
2026-09-06,parcel_courier,6,-1.0,-0.7057166666666667,1.0,2,0.3333333333333333,1.2,1.0
2026-09-06,telecom_isp,53,-0.6981132075471698,-0.5352905660377358,0.7735849056603774,53,1.0,1.2641509433962264,1.0
2026-09-06,ecommerce,91,-0.6483516483516484,-0.5069912087912088,0.7912087912087912,434,4.769230769230769,1.6263736263736264,1.0
2026-09-06,airline,5,-0.2,-0.16512000000000002,0.6,1,0.2,1.8,1.0
2026-09-06,,15,-0.8666666666666667,-0.6439666666666667,0.8666666666666667,0,0.0,,1.0
2026-09-06,food_delivery,96,-0.6979166666666666,-0.533771875,0.8125,52,0.5416666666666666,1.4479166666666667,1.0
2026-09-07,,27,-0.7407407407407407,-0.5210888888888889,0.7777777777777778,0,0.0,,1.0
2026-09-07,airline,6,-0.6666666666666666,-0.3811333333333333,0.6666666666666666,0,0.0,1.6666666666666667,1.0
2026-09-07,ecommerce,116,-0.7758620689655172,-0.5750396551724137,0.8448275862068966,229,1.9741379310344827,1.5,1.0
2026-09-07,food_delivery,92,-0.8586956521739131,-0.6658684782608696,0.9021739130434783,48,0.5217391304347826,1.4782608695652173,1.0
2026-09-07,parcel_courier,8,-0.75,-0.5534625,0.875,2,0.25,2.4285714285714284,1.0
2026-09-07,quick_commerce,80,-0.5375,-0.42910000000000004,0.7125,118,1.475,2.05,1.0
2026-09-07,ride_hailing,46,-0.7608695652173914,-0.5769695652173913,0.8260869565217391,29,0.6304347826086957,1.3478260869565217,1.0
2026-09-07,telecom_isp,35,-0.7142857142857143,-0.5307657142857143,0.8,21,0.6,1.3714285714285714,1.0
2026-09-08,quick_commerce,83,-0.7108433734939759,-0.5434638554216867,0.8072289156626506,37,0.4457831325301205,1.6385542168674698,1.0
2026-09-08,ride_hailing,95,-0.6210526315789474,-0.4616094736842105,0.7368421052631579,39,0.4105263157894737,1.8631578947368421,1.0
2026-09-08,parcel_courier,7,-0.42857142857142855,-0.29762857142857146,0.5714285714285714,2,0.2857142857142857,2.6666666666666665,1.0
2026-09-08,telecom_isp,63,-0.746031746031746,-0.5553825396825397,0.8412698412698413,50,0.7936507936507936,1.4126984126984128,1.0
2026-09-08,ecommerce,116,-0.5862068965517241,-0.46306982758620685,0.75,110,0.9482758620689655,1.7413793103448276,1.0
2026-09-08,,38,-0.6052631578947368,-0.37698947368421054,0.6578947368421053,9,0.23684210526315788,,1.0
2026-09-08,food_delivery,121,-0.7520661157024794,-0.5824,0.8264462809917356,47,0.3884297520661157,1.5289256198347108,1.0
2026-09-08,airline,6,-0.16666666666666666,-0.14873333333333333,0.5,4,0.6666666666666666,1.8333333333333333,1.0
2026-09-09,telecom_isp,43,-0.6046511627906976,-0.47038837209302325,0.7209302325581395,92,2.13953488372093,1.4186046511627908,1.0
2026-09-09,,48,-0.625,-0.4045666666666667,0.7291666666666666,4,0.08333333333333333,,1.0
2026-09-09,airline,9,-0.6666666666666666,-0.4160888888888889,0.7777777777777778,4,0.4444444444444444,2.4444444444444446,1.0
2026-09-09,ecommerce,106,-0.7641509433962265,-0.555572641509434,0.8584905660377359,104,0.9811320754716981,1.5943396226415094,1.0
2026-09-09,food_delivery,123,-0.7235772357723578,-0.5584747967479675,0.8048780487804879,29,0.23577235772357724,1.537190082644628,1.0
2026-09-09,parcel_courier,16,-0.6875,-0.5218625,0.75,1,0.0625,1.4285714285714286,1.0
2026-09-09,quick_commerce,90,-0.6333333333333333,-0.4980588888888889,0.7333333333333333,23,0.25555555555555554,1.6111111111111112,1.0
2026-09-09,ride_hailing,105,-0.5619047619047619,-0.39940476190476193,0.7047619047619048,46,0.4380952380952381,1.9238095238095239,1.0
2026-09-10,ride_hailing,95,-0.6210526315789474,-0.44997368421052636,0.7473684210526316,94,0.9894736842105263,1.6631578947368422,1.0
2026-09-10,quick_commerce,73,-0.6027397260273972,-0.4548178082191781,0.726027397260274,14,0.1917808219178082,1.7808219178082192,1.0
2026-09-10,parcel_courier,13,-1.0,-0.7025692307692307,1.0,6,0.46153846153846156,1.5,1.0
2026-09-10,airline,7,-0.5714285714285714,-0.34682857142857143,0.7142857142857143,5,0.7142857142857143,1.7142857142857142,1.0
2026-09-10,ecommerce,125,-0.64,-0.484828,0.776,163,1.304,1.776,1.0
2026-09-10,,40,-0.6,-0.428225,0.7,3,0.075,,1.0
2026-09-10,telecom_isp,58,-0.6724137931034483,-0.5002965517241379,0.7586206896551724,33,0.5689655172413793,1.4827586206896552,1.0
2026-09-10,food_delivery,140,-0.6428571428571429,-0.5033771428571429,0.7642857142857142,42,0.3,1.6357142857142857,1.0
2026-09-11,ride_hailing,113,-0.5752212389380531,-0.42069823008849555,0.7168141592920354,50,0.4424778761061947,1.823008849557522,1.0
2026-09-11,quick_commerce,81,-0.7283950617283951,-0.5704987654320988,0.8148148148148148,15,0.18518518518518517,1.5925925925925926,1.0
2026-09-11,telecom_isp,50,-0.6,-0.44485399999999997,0.72,65,1.3,1.42,1.0
2026-09-11,parcel_courier,28,-0.5357142857142857,-0.39712142857142857,0.7142857142857143,19,0.6785714285714286,1.56,1.0
2026-09-11,food_delivery,156,-0.6923076923076923,-0.521600641025641,0.7756410256410257,38,0.24358974358974358,1.4903225806451612,1.0
2026-09-11,ecommerce,203,-0.6108374384236454,-0.4632182266009852,0.7684729064039408,332,1.6354679802955665,1.8407960199004976,1.0
2026-09-11,airline,1,-1.0,-0.4809,1.0,0,0.0,2.0,1.0
2026-09-11,,36,-0.8055555555555556,-0.5468361111111111,0.8055555555555556,5,0.1388888888888889,,1.0
2026-09-12,,30,-0.7333333333333333,-0.53678,0.7666666666666667,3,0.1,,1.0
2026-09-12,airline,7,-0.7142857142857143,-0.5487142857142857,0.8571428571428571,11,1.5714285714285714,1.1428571428571428,1.0
2026-09-12,ecommerce,232,-0.5387931034482759,-0.40312112068965517,0.7112068965517241,179,0.771551724137931,2.271551724137931,1.0
2026-09-12,food_delivery,226,-0.8362831858407079,-0.6433650442477876,0.8805309734513275,144,0.6371681415929203,1.3035714285714286,1.0
2026-09-12,parcel_courier,11,-0.6363636363636364,-0.45893636363636364,0.7272727272727273,5,0.45454545454545453,1.2727272727272727,1.0
2026-09-12,quick_commerce,101,-0.6831683168316832,-0.5124712871287128,0.7920792079207921,13,0.12871287128712872,1.693069306930693,1.0
2026-09-12,ride_hailing,91,-0.6923076923076923,-0.5023978021978023,0.7912087912087912,17,0.18681318681318682,1.8021978021978022,1.0
2026-09-12,telecom_isp,51,-0.803921568627451,-0.5927098039215687,0.8431372549019608,17,0.3333333333333333,1.7058823529411764,1.0
2026-09-13,telecom_isp,38,-0.6578947368421053,-0.4511605263157894,0.7105263157894737,14,0.3684210526315789,1.736842105263158,1.0
2026-09-13,ride_hailing,104,-0.5769230769230769,-0.43198365384615384,0.7307692307692307,48,0.46153846153846156,1.7211538461538463,1.0
2026-09-13,quick_commerce,116,-0.6896551724137931,-0.5297181034482759,0.7931034482758621,11,0.09482758620689655,1.6896551724137931,1.0
2026-09-13,parcel_courier,5,-0.2,-0.18481999999999998,0.6,3,0.6,1.6,1.0
2026-09-13,,21,-0.5238095238095238,-0.42020476190476197,0.6190476190476191,14,0.6666666666666666,,1.0
2026-09-13,ecommerce,257,-0.603112840466926,-0.4462758754863813,0.754863813229572,420,1.6342412451361867,2.085603112840467,1.0
2026-09-13,airline,5,-0.6,-0.4509,0.8,1,0.2,1.6,1.0
2026-09-13,food_delivery,253,-0.6442687747035574,-0.5040869565217392,0.7509881422924901,31,0.1225296442687747,1.4761904761904763,1.0
2026-09-14,parcel_courier,1,-1.0,-0.6953,1.0,1,1.0,1.0,1.0
2026-09-14,ride_hailing,105,-0.6285714285714286,-0.4552771428571428,0.7619047619047619,8,0.0761904761904762,1.9519230769230769,1.0
2026-09-14,quick_commerce,84,-0.7023809523809523,-0.5439607142857144,0.7976190476190477,27,0.32142857142857145,1.6071428571428572,1.0
2026-09-14,telecom_isp,47,-0.6595744680851063,-0.5006212765957446,0.7446808510638298,15,0.3191489361702128,1.7234042553191489,1.0
2026-09-14,food_delivery,216,-0.8009259259259259,-0.608762962962963,0.8611111111111112,63,0.2916666666666667,1.3287037037037037,1.0
2026-09-14,airline,5,-0.6,-0.42295999999999995,0.6,0,0.0,1.8,1.0
2026-09-14,ecommerce,226,-0.5309734513274337,-0.41290265486725664,0.7079646017699115,1690,7.477876106194691,2.1733333333333333,1.0
2026-09-14,,42,-0.7380952380952381,-0.5361714285714286,0.7857142857142857,8,0.19047619047619047,,1.0
2026-09-15,telecom_isp,37,-0.4594594594594595,-0.37405945945945945,0.6216216216216216,8,0.21621621621621623,1.9189189189189189,1.0
2026-09-15,,49,-0.5306122448979592,-0.37866122448979594,0.6122448979591837,555,11.326530612244898,,1.0
2026-09-15,airline,8,-0.75,-0.4543125,0.875,1,0.125,2.0,1.0
2026-09-15,ecommerce,262,-0.5038167938931297,-0.38662480916030534,0.7137404580152672,3432,13.099236641221374,2.3473282442748094,1.0
2026-09-15,food_delivery,166,-0.7048192771084337,-0.5453843373493976,0.8072289156626506,76,0.4578313253012048,1.4363636363636363,1.0
2026-09-15,parcel_courier,12,-0.5,-0.38961666666666667,0.6666666666666666,4,0.3333333333333333,1.9166666666666667,1.0
2026-09-15,quick_commerce,132,-0.6666666666666666,-0.501030303030303,0.803030303030303,33,0.25,1.7803030303030303,1.0
2026-09-15,ride_hailing,89,-0.5955056179775281,-0.4342539325842697,0.7303370786516854,1227,13.786516853932584,1.8089887640449438,1.0
2026-09-16,telecom_isp,32,-0.59375,-0.451615625,0.71875,21,0.65625,1.25,1.0
2026-09-16,ride_hailing,102,-0.6764705882352942,-0.5046950980392156,0.7745098039215687,20,0.19607843137254902,1.74,1.0
2026-09-16,quick_commerce,165,-0.5333333333333333,-0.39372303030303024,0.703030303030303,22,0.13333333333333333,1.878787878787879,1.0
2026-09-16,parcel_courier,12,-1.0,-0.7332333333333333,1.0,11,0.9166666666666666,1.6,1.0
2026-09-16,,112,-0.5714285714285714,-0.41629374999999996,0.6875,466,4.160714285714286,,1.0
2026-09-16,ecommerce,320,-0.5625,-0.4190421875,0.7375,421,1.315625,2.1009463722397475,1.0
2026-09-16,airline,8,-0.75,-0.486225,0.875,1,0.125,1.875,1.0
2026-09-16,food_delivery,202,-0.7326732673267327,-0.561960396039604,0.8217821782178217,47,0.23267326732673269,1.4527363184079602,1.0
2026-09-17,quick_commerce,160,-0.64375,-0.48126875,0.75625,1327,8.29375,1.78125,1.0
2026-09-17,ride_hailing,112,-0.6071428571428571,-0.43677321428571425,0.7410714285714286,23,0.20535714285714285,1.9553571428571428,1.0
2026-09-17,telecom_isp,60,-0.5166666666666667,-0.3955016666666667,0.6833333333333333,139,2.316666666666667,1.4333333333333333,1.0
2026-09-17,parcel_courier,18,-0.6111111111111112,-0.4345611111111111,0.7222222222222222,3,0.16666666666666666,1.75,1.0
2026-09-17,ecommerce,316,-0.6170886075949367,-0.46575727848101267,0.759493670886076,101,0.31962025316455694,1.8280254777070064,1.0
2026-09-17,airline,4,-0.75,-0.429525,0.75,0,0.0,2.25,1.0
2026-09-17,,65,-0.47692307692307695,-0.3253923076923077,0.5384615384615384,104,1.6,,1.0
2026-09-17,food_delivery,183,-0.7103825136612022,-0.5458224043715847,0.819672131147541,112,0.6120218579234973,1.408839779005525,1.0
2026-09-18,ride_hailing,120,-0.7416666666666667,-0.5364691666666667,0.8166666666666667,105,0.875,1.55,1.0
2026-09-18,quick_commerce,135,-0.5703703703703704,-0.4293133333333334,0.7111111111111111,20,0.14814814814814814,2.0,1.0
2026-09-18,parcel_courier,14,-0.5714285714285714,-0.44511428571428574,0.7142857142857143,82,5.857142857142857,2.0,1.0
2026-09-18,telecom_isp,46,-0.3695652173913043,-0.3061804347826087,0.5869565217391305,11,0.2391304347826087,1.8695652173913044,1.0
2026-09-18,ecommerce,343,-0.5276967930029155,-0.4006661807580175,0.717201166180758,403,1.1749271137026238,1.956268221574344,1.0
2026-09-18,airline,5,-0.8,-0.52364,0.8,0,0.0,2.0,1.0
2026-09-18,,54,-0.7037037037037037,-0.5038074074074074,0.7592592592592593,176,3.259259259259259,,1.0
2026-09-18,food_delivery,193,-0.7202072538860104,-0.5524098445595855,0.8186528497409327,578,2.994818652849741,1.3125,1.0
2026-09-19,,79,-0.6708860759493671,-0.4989518987341772,0.7088607594936709,19,0.24050632911392406,,1.0
2026-09-19,airline,4,0.0,-0.044399999999999995,0.5,0,0.0,3.75,1.0
2026-09-19,ecommerce,88,-0.5568181818181818,-0.4222818181818182,0.7159090909090909,25,0.2840909090909091,2.0357142857142856,1.0
2026-09-19,food_delivery,67,-0.8059701492537313,-0.6138955223880597,0.835820895522388,19,0.2835820895522388,1.1111111111111112,1.0
2026-09-19,parcel_courier,10,-0.6,-0.45132000000000005,0.7,3,0.3,1.4,1.0
2026-09-19,quick_commerce,40,-0.55,-0.42335,0.725,1,0.025,2.4054054054054053,1.0
2026-09-19,ride_hailing,26,-0.5769230769230769,-0.41757692307692307,0.7692307692307693,9,0.34615384615384615,2.12,1.0
2026-09-19,telecom_isp,9,-0.8888888888888888,-0.6452777777777778,0.8888888888888888,5,0.5555555555555556,1.5555555555555556,1.0
2026-09-20,food_delivery,14,-1.0,-0.80215,1.0,0,0.0,,1.0
2026-09-20,,29,-0.5862068965517241,-0.45060689655172415,0.7586206896551724,0,0.0,,1.0
2026-09-20,ecommerce,1,-1.0,-0.5484,1.0,0,0.0,,1.0
2026-09-20,parcel_courier,3,-1.0,-0.8240666666666666,1.0,0,0.0,,1.0
